{
    "C": [
        0.0,
        48.0,
        64.0,
        80.0
    ],
    "actions": [
        0,
        1,
        1
    ],
    "best_intervention_levels": {
        "0": [
            [
                0.0
            ],
            [
                0.15543300051226508
            ],
            [
                0.15543300051226508
            ],
            [
                -2.425885398804155
            ]
        ],
        "1": [
            [
                0.0
            ],
            [
                -0.15744602507228156
            ],
            [
                -2.6408562439778334
            ],
            [
                -2.6408562439778334
            ]
        ]
    },
    "best_intervention_set": [
        [
            "X"
        ],
        [
            "X"
        ],
        [
            "Z"
        ],
        [
            "Z"
        ]
    ],
    "best_intervention_targets": {
        "0": [
            Infinity,
            2.108705320632083,
            2.108705320632083,
            -0.6279332432948971
        ],
        "1": [
            Infinity,
            2.108705320632083,
            -2.0178513510646985,
            -2.0178513510646985
        ]
    },
    "cumulative_cost": 80.0,
    "evaluation_budget": 75,
    "exp_bonuses": [],
    "exploration_set": [
        [
            "X"
        ],
        [
            "Z"
        ]
    ],
    "intervention_data": [
        [
            [
                "X"
            ],
            [
                [
                    -2.425885398804155
                ]
            ],
            [
                [
                    -0.6279332432948971
                ]
            ]
        ],
        [
            [
                "Z"
            ],
            [
                [
                    -2.6408562439778334
                ]
            ],
            [
                [
                    -2.0178513510646985
                ]
            ]
        ]
    ],
    "interventions": [
        [
            "Z"
        ],
        [
            "X"
        ]
    ],
    "iteration": 0,
    "num_intervene_decisions": 2,
    "num_observe_decisions": 1,
    "observation_data": {
        "X,Z,Y": [
            [
                0.15543300051226508,
                -0.15744602507228156,
                0.10870532063208294
            ]
        ]
    },
    "observation_gains": [],
    "optimal_intervention_mean": 0.0,
    "remaining_budget": -5.0,
    "start_time": 1696573469.360223,
    "times_elapsed": [
        0.0,
        0.31083202362060547,
        0.3167610168457031,
        0.3295779228210449
    ],
    "total_time": 0.3478538990020752
}