{
    "C": [
        0.0,
        0.75,
        16.75,
        32.75,
        48.75,
        64.75,
        80.75
    ],
    "actions": [
        0,
        1,
        1,
        1,
        1,
        1
    ],
    "best_intervention_levels": {
        "0": [
            [
                0.0
            ],
            [
                0.15543300051226508
            ],
            [
                0.15543300051226508
            ],
            [
                -2.425885398804155
            ],
            [
                -2.425885398804155
            ],
            [
                -2.425885398804155
            ],
            [
                -2.425885398804155
            ]
        ],
        "1": [
            [
                0.0
            ],
            [
                -0.15744602507228156
            ],
            [
                -2.6408562439778334
            ],
            [
                -2.6408562439778334
            ],
            [
                -2.6408562439778334
            ],
            [
                -3.5715360319537695
            ],
            [
                -3.5715360319537695
            ]
        ]
    },
    "best_intervention_set": [
        [
            "X"
        ],
        [
            "X"
        ],
        [
            "Z"
        ],
        [
            "Z"
        ],
        [
            "Z"
        ],
        [
            "Z"
        ],
        [
            "Z"
        ]
    ],
    "best_intervention_targets": {
        "0": [
            Infinity,
            2.108705320632083,
            2.108705320632083,
            -0.6279332432948971,
            -0.6279332432948971,
            -0.6279332432948971,
            -0.6279332432948971
        ],
        "1": [
            Infinity,
            2.108705320632083,
            -2.0178513510646985,
            -2.0178513510646985,
            -2.0178513510646985,
            -2.104569676440398,
            -2.104569676440398
        ]
    },
    "cumulative_cost": 80.75,
    "evaluation_budget": 75,
    "exp_bonuses": [],
    "exploration_set": [
        [
            "X"
        ],
        [
            "Z"
        ]
    ],
    "intervention_data": [
        [
            [
                "X"
            ],
            [
                [
                    -2.425885398804155
                ]
            ],
            [
                [
                    -0.6279332432948971
                ]
            ]
        ],
        [
            [
                "Z"
            ],
            [
                [
                    -2.6408562439778334
                ],
                [
                    -4.943232435002945
                ],
                [
                    -3.5715360319537695
                ],
                [
                    -2.785938645412002
                ]
            ],
            [
                [
                    -2.0178513510646985
                ],
                [
                    -1.051230494110156
                ],
                [
                    -2.104569676440398
                ],
                [
                    -2.0870004290321225
                ]
            ]
        ]
    ],
    "interventions": [
        [
            "Z"
        ],
        [
            "X"
        ],
        [
            "Z"
        ],
        [
            "Z"
        ],
        [
            "Z"
        ]
    ],
    "iteration": 3,
    "num_intervene_decisions": 5,
    "num_observe_decisions": 1,
    "observation_data": {
        "X,Z,Y": [
            [
                0.15543300051226508,
                -0.15744602507228156,
                0.10870532063208294
            ]
        ]
    },
    "observation_gains": [],
    "optimal_intervention_mean": 0.0,
    "remaining_budget": -5.75,
    "start_time": 1696573358.420653,
    "times_elapsed": [
        0.0,
        0.3003668785095215,
        0.30660581588745117,
        0.3182227611541748,
        15.173766851425171,
        28.96415686607361,
        43.39579701423645
    ],
    "total_time": 43.39598798751831
}