{
    "C": [
        0.0,
        1.5,
        33.5,
        65.5,
        97.5,
        129.5,
        161.5,
        193.5,
        225.5,
        257.5,
        289.5,
        321.5
    ],
    "actions": [
        0,
        1,
        1,
        1,
        1,
        1,
        1,
        1,
        1,
        1,
        1
    ],
    "best_intervention_levels": {
        "0": [
            [
                0.0,
                0.0
            ],
            [
                0.0,
                0.0
            ],
            [
                0.0,
                0.0
            ],
            [
                0.0,
                0.0
            ],
            [
                0.0,
                0.0
            ],
            [
                0.0,
                1.0
            ],
            [
                0.0,
                1.0
            ],
            [
                0.0,
                1.0
            ],
            [
                0.0,
                1.0
            ],
            [
                0.0,
                1.0
            ],
            [
                0.0,
                1.0
            ],
            [
                0.0,
                1.0
            ]
        ]
    },
    "best_intervention_set": [
        [
            "C",
            "D"
        ],
        [
            "C",
            "D"
        ],
        [
            "C",
            "D"
        ],
        [
            "C",
            "D"
        ],
        [
            "C",
            "D"
        ],
        [
            "C",
            "D"
        ],
        [
            "C",
            "D"
        ],
        [
            "C",
            "D"
        ],
        [
            "C",
            "D"
        ],
        [
            "C",
            "D"
        ],
        [
            "C",
            "D"
        ],
        [
            "C",
            "D"
        ]
    ],
    "best_intervention_targets": {
        "0": [
            Infinity,
            Infinity,
            Infinity,
            5.646049358614457,
            5.646049358614457,
            5.31259178719074,
            5.157521505867811,
            5.157505733921425,
            5.157505733921425,
            5.157505733921425,
            5.155401376250666,
            5.155401376250666
        ]
    },
    "cumulative_cost": 321.5,
    "evaluation_budget": 300,
    "exp_bonuses": [],
    "exploration_set": [
        [
            "C",
            "D"
        ]
    ],
    "information_gains": [],
    "intervention_data": [
        [
            [
                "C",
                "D"
            ],
            [
                [
                    0.9332546502251152,
                    0.6847025917448452
                ],
                [
                    0.43885876740525026,
                    0.5953562460546815
                ],
                [
                    0.17283040359432453,
                    0.25432093325924315
                ],
                [
                    0.17404656411588598,
                    0.2076243150387497
                ],
                [
                    0.3234463218202132,
                    0.160632180734294
                ],
                [
                    0.0012027840596362546,
                    0.2425710660138805
                ],
                [
                    0.016296242621754047,
                    0.06510043430514917
                ],
                [
                    0.9204651083930159,
                    0.7913142588403091
                ],
                [
                    0.8983311480364452,
                    0.6508189174478478
                ],
                [
                    0.9791988589784624,
                    0.952892005682253
                ]
            ],
            [
                [
                    5.867410428525892
                ],
                [
                    5.646049358614457
                ],
                [
                    5.703565197882282
                ],
                [
                    5.733041429421054
                ],
                [
                    5.843803042680678
                ],
                [
                    5.616052181006752
                ],
                [
                    5.73470366121674
                ],
                [
                    5.792931771979126
                ],
                [
                    5.866107052762664
                ],
                [
                    5.725541062895847
                ]
            ]
        ]
    ],
    "interventions": [
        [
            "C",
            "D"
        ],
        [
            "C",
            "D"
        ],
        [
            "C",
            "D"
        ],
        [
            "C",
            "D"
        ],
        [
            "C",
            "D"
        ],
        [
            "C",
            "D"
        ],
        [
            "C",
            "D"
        ],
        [
            "C",
            "D"
        ],
        [
            "C",
            "D"
        ],
        [
            "C",
            "D"
        ]
    ],
    "iteration": 9,
    "mean_gains": [],
    "num_intervene_decisions": 10,
    "num_observe_decisions": 1,
    "observation_data": {
        "A,B,C,D,E,F": [
            [
                55.54852643616056,
                26.656839005215758,
                0.16172590300444858,
                0.10776471779743797,
                0.42264274114978745,
                -5.226804610403241
            ]
        ]
    },
    "observation_gains": [],
    "optimal_intervention_mean": 5.157021075595937,
    "remaining_budget": -21.5,
    "start_time": 1681804974.4844384,
    "total_time": 150.89547753334045
}