{
    "C": [
        0.0,
        1.5,
        33.5,
        65.5,
        97.5,
        129.5,
        161.5,
        193.5,
        225.5,
        257.5,
        289.5,
        321.5
    ],
    "actions": [
        0,
        1,
        1,
        1,
        1,
        1,
        1,
        1,
        1,
        1,
        1
    ],
    "best_intervention_levels": {
        "0": [
            [
                0.0,
                0.0
            ],
            [
                0.0,
                0.0
            ],
            [
                0.0,
                0.0
            ],
            [
                0.0,
                0.0
            ],
            [
                0.0,
                1.0
            ],
            [
                0.0,
                1.0
            ],
            [
                0.0,
                1.0
            ],
            [
                0.0,
                1.0
            ],
            [
                0.0,
                1.0
            ],
            [
                0.0,
                1.0
            ],
            [
                0.0,
                1.0
            ],
            [
                0.0,
                1.0
            ]
        ]
    },
    "best_intervention_set": [
        [
            "C",
            "D"
        ],
        [
            "C",
            "D"
        ],
        [
            "C",
            "D"
        ],
        [
            "C",
            "D"
        ],
        [
            "C",
            "D"
        ],
        [
            "C",
            "D"
        ],
        [
            "C",
            "D"
        ],
        [
            "C",
            "D"
        ],
        [
            "C",
            "D"
        ],
        [
            "C",
            "D"
        ],
        [
            "C",
            "D"
        ],
        [
            "C",
            "D"
        ]
    ],
    "best_intervention_targets": {
        "0": [
            Infinity,
            Infinity,
            Infinity,
            5.518699323875259,
            5.285179956734908,
            5.201169972487719,
            5.201169972487719,
            5.169697973361522,
            5.168276366253849,
            5.165815808075422,
            5.165815808075422,
            5.165815808075422
        ]
    },
    "cumulative_cost": 321.5,
    "evaluation_budget": 300,
    "exp_bonuses": [],
    "exploration_set": [
        [
            "C",
            "D"
        ]
    ],
    "information_gains": [],
    "intervention_data": [
        [
            [
                "C",
                "D"
            ],
            [
                [
                    0.284771026179954,
                    0.6663794231276026
                ],
                [
                    0.5695515502453617,
                    0.5843602355407369
                ],
                [
                    0.80398459138395,
                    0.6481677342609645
                ],
                [
                    0.56953487800238,
                    0.5843732998401026
                ],
                [
                    0.3895181270738822,
                    0.5659859662198885
                ],
                [
                    0.5392669397195894,
                    0.6438025639710517
                ],
                [
                    0.5695807425804887,
                    0.5843923549984706
                ],
                [
                    0.569640943129213,
                    0.5844483935082323
                ],
                [
                    0.5696343851034164,
                    0.5844362030892399
                ],
                [
                    0.5696273015635622,
                    0.5844365778524202
                ]
            ],
            [
                [
                    5.518699323875259
                ],
                [
                    5.725073984614478
                ],
                [
                    5.816518403067469
                ],
                [
                    5.722149192779164
                ],
                [
                    5.633734828503636
                ],
                [
                    5.6703790551609154
                ],
                [
                    5.725672884746757
                ],
                [
                    5.722629791387974
                ],
                [
                    5.725057741276758
                ],
                [
                    5.72293891439734
                ]
            ]
        ]
    ],
    "interventions": [
        [
            "C",
            "D"
        ],
        [
            "C",
            "D"
        ],
        [
            "C",
            "D"
        ],
        [
            "C",
            "D"
        ],
        [
            "C",
            "D"
        ],
        [
            "C",
            "D"
        ],
        [
            "C",
            "D"
        ],
        [
            "C",
            "D"
        ],
        [
            "C",
            "D"
        ],
        [
            "C",
            "D"
        ]
    ],
    "iteration": 9,
    "mean_gains": [],
    "num_intervene_decisions": 10,
    "num_observe_decisions": 1,
    "observation_data": {
        "A,B,C,D,E,F": [
            [
                68.84966999688304,
                25.66090447610028,
                0.4145454668165519,
                0.27232623038005144,
                0.2712130836606631,
                -6.095666187587549
            ]
        ]
    },
    "observation_gains": [],
    "optimal_intervention_mean": 5.15447651807516,
    "remaining_budget": -21.5,
    "start_time": 1681804955.1333675,
    "total_time": 145.6953456401825
}