{
    "C": [
        0.0,
        6.0,
        38.0,
        70.0,
        102.0,
        134.0,
        166.0,
        198.0,
        230.0,
        262.0,
        294.0,
        326.0
    ],
    "actions": [
        0,
        1,
        1,
        1,
        1,
        1,
        1,
        1,
        1,
        1,
        1
    ],
    "best_intervention_levels": {
        "0": [
            [
                0.0,
                0.0
            ],
            [
                0.0,
                0.0
            ],
            [
                0.0,
                0.0
            ],
            [
                0.0,
                0.0
            ],
            [
                0.0,
                0.0
            ],
            [
                0.040535430051256136,
                0.5574246369692669
            ],
            [
                0.0,
                1.0
            ],
            [
                0.0,
                1.0
            ],
            [
                0.0,
                1.0
            ],
            [
                0.0,
                1.0
            ],
            [
                0.0,
                1.0
            ],
            [
                0.0,
                1.0
            ]
        ]
    },
    "best_intervention_set": [
        [
            "C",
            "D"
        ],
        [
            "C",
            "D"
        ],
        [
            "C",
            "D"
        ],
        [
            "C",
            "D"
        ],
        [
            "C",
            "D"
        ],
        [
            "C",
            "D"
        ],
        [
            "C",
            "D"
        ],
        [
            "C",
            "D"
        ],
        [
            "C",
            "D"
        ],
        [
            "C",
            "D"
        ],
        [
            "C",
            "D"
        ],
        [
            "C",
            "D"
        ]
    ],
    "best_intervention_targets": {
        "0": [
            Infinity,
            Infinity,
            Infinity,
            5.450342773805116,
            5.450342773805116,
            5.450342773805116,
            5.157683004807112,
            5.157476030084214,
            5.157476030084214,
            5.157476030084214,
            5.157476030084214,
            5.154315532621695
        ]
    },
    "cumulative_cost": 326.0,
    "evaluation_budget": 300,
    "exp_bonuses": [],
    "exploration_set": [
        [
            "C",
            "D"
        ]
    ],
    "information_gains": [],
    "intervention_data": [
        [
            [
                "C",
                "D"
            ],
            [
                [
                    0.9643975779806259,
                    0.8786297949669903
                ],
                [
                    0.04574224767233706,
                    0.5580504510977891
                ],
                [
                    0.9692986807641211,
                    0.8376145191093186
                ],
                [
                    0.7738763786767713,
                    0.7655594048123853
                ],
                [
                    0.9844552743503281,
                    0.9251184014258954
                ],
                [
                    0.8991828446720262,
                    0.9024374907408745
                ],
                [
                    0.7009637493058033,
                    0.8895857545847393
                ],
                [
                    0.5103656600568153,
                    0.9140881421089356
                ],
                [
                    0.5103858579963254,
                    0.9140947992687875
                ],
                [
                    0.5103872748155912,
                    0.9140954802212893
                ]
            ],
            [
                [
                    5.763848899959242
                ],
                [
                    5.450342773805116
                ],
                [
                    5.792494790917739
                ],
                [
                    5.726252264890674
                ],
                [
                    5.744579619544861
                ],
                [
                    5.71158298248688
                ],
                [
                    5.61171178194234
                ],
                [
                    5.491339327114761
                ],
                [
                    5.488634335691156
                ],
                [
                    5.490674272016853
                ]
            ]
        ]
    ],
    "interventions": [
        [
            "C",
            "D"
        ],
        [
            "C",
            "D"
        ],
        [
            "C",
            "D"
        ],
        [
            "C",
            "D"
        ],
        [
            "C",
            "D"
        ],
        [
            "C",
            "D"
        ],
        [
            "C",
            "D"
        ],
        [
            "C",
            "D"
        ],
        [
            "C",
            "D"
        ],
        [
            "C",
            "D"
        ]
    ],
    "iteration": 9,
    "mean_gains": [],
    "num_intervene_decisions": 10,
    "num_observe_decisions": 1,
    "observation_data": {
        "A,B,C,D,E,F": [
            [
                74.93072771838791,
                26.269275362507173,
                0.569828392325246,
                0.4370674819047721,
                0.21586469927817722,
                -6.9236684308145096
            ]
        ]
    },
    "observation_gains": [],
    "optimal_intervention_mean": 5.156864456099061,
    "remaining_budget": -26.0,
    "start_time": 1681805199.0102406,
    "total_time": 147.9540376663208
}