{
    "C": [
        0.0,
        6.0,
        38.0,
        70.0,
        102.0,
        134.0,
        166.0,
        198.0,
        230.0,
        262.0,
        294.0,
        326.0
    ],
    "actions": [
        0,
        1,
        1,
        1,
        1,
        1,
        1,
        1,
        1,
        1,
        1
    ],
    "best_intervention_levels": {
        "0": [
            [
                0.0,
                0.0
            ],
            [
                0.0,
                0.0
            ],
            [
                0.0,
                0.0
            ],
            [
                1.0,
                0.0
            ],
            [
                1.0,
                1.0
            ],
            [
                1.0,
                1.0
            ],
            [
                0.0,
                1.0
            ],
            [
                0.0,
                1.0
            ],
            [
                0.0,
                1.0
            ],
            [
                0.0,
                1.0
            ],
            [
                0.0,
                1.0
            ],
            [
                0.0,
                1.0
            ]
        ]
    },
    "best_intervention_set": [
        [
            "C",
            "D"
        ],
        [
            "C",
            "D"
        ],
        [
            "C",
            "D"
        ],
        [
            "C",
            "D"
        ],
        [
            "C",
            "D"
        ],
        [
            "C",
            "D"
        ],
        [
            "C",
            "D"
        ],
        [
            "C",
            "D"
        ],
        [
            "C",
            "D"
        ],
        [
            "C",
            "D"
        ],
        [
            "C",
            "D"
        ],
        [
            "C",
            "D"
        ]
    ],
    "best_intervention_targets": {
        "0": [
            Infinity,
            Infinity,
            Infinity,
            5.758668677223947,
            5.56550973194381,
            5.394137659322088,
            5.164865800322648,
            5.162593129824973,
            5.155467132119576,
            5.155467132119576,
            5.153769747194019,
            5.153769747194019
        ]
    },
    "cumulative_cost": 326.0,
    "evaluation_budget": 300,
    "exp_bonuses": [],
    "exploration_set": [
        [
            "C",
            "D"
        ]
    ],
    "information_gains": [],
    "intervention_data": [
        [
            [
                "C",
                "D"
            ],
            [
                [
                    0.41984482907965903,
                    0.38754305323770133
                ],
                [
                    0.3033941000070667,
                    0.20037645082140107
                ],
                [
                    0.569115071253475,
                    0.8420738879717191
                ],
                [
                    0.07435235866665174,
                    0.6768211394138742
                ],
                [
                    0.23933433188147113,
                    0.9130630682317818
                ],
                [
                    0.20899708741751502,
                    0.7938246614978356
                ],
                [
                    0.22117976952059637,
                    0.8870467198956017
                ],
                [
                    0.04501959794667391,
                    0.8148551700930494
                ],
                [
                    0.14342096370122662,
                    0.8041824353395761
                ],
                [
                    0.13686537077623476,
                    0.7790587935983051
                ]
            ],
            [
                [
                    5.758668677223947
                ],
                [
                    5.80940161168681
                ],
                [
                    5.56550973194381
                ],
                [
                    5.394137659322088
                ],
                [
                    5.337888163883328
                ],
                [
                    5.397217451002803
                ],
                [
                    5.346154786882047
                ],
                [
                    5.293196171877254
                ],
                [
                    5.3533125307563525
                ],
                [
                    5.365240630131106
                ]
            ]
        ]
    ],
    "interventions": [
        [
            "C",
            "D"
        ],
        [
            "C",
            "D"
        ],
        [
            "C",
            "D"
        ],
        [
            "C",
            "D"
        ],
        [
            "C",
            "D"
        ],
        [
            "C",
            "D"
        ],
        [
            "C",
            "D"
        ],
        [
            "C",
            "D"
        ],
        [
            "C",
            "D"
        ],
        [
            "C",
            "D"
        ]
    ],
    "iteration": 9,
    "mean_gains": [],
    "num_intervene_decisions": 10,
    "num_observe_decisions": 1,
    "observation_data": {
        "A,B,C,D,E,F": [
            [
                63.74603428263178,
                27.22107367380715,
                0.30815386525234584,
                0.2348397653450323,
                0.327762709154297,
                -5.851259460549361
            ]
        ]
    },
    "observation_gains": [],
    "optimal_intervention_mean": 5.155811042113455,
    "remaining_budget": -26.0,
    "start_time": 1681805187.019892,
    "total_time": 145.68981218338013
}