{
    "C": [
        0.0,
        24.0,
        56.0,
        88.0,
        120.0,
        152.0,
        184.0,
        216.0,
        248.0,
        280.0,
        312.0
    ],
    "actions": [
        0,
        1,
        1,
        1,
        1,
        1,
        1,
        1,
        1,
        1
    ],
    "best_intervention_levels": {
        "0": [
            [
                0.0,
                0.0
            ],
            [
                0.0,
                0.0
            ],
            [
                0.0,
                0.0
            ],
            [
                0.0,
                1.0
            ],
            [
                0.0,
                1.0
            ],
            [
                0.0,
                0.0
            ],
            [
                0.0,
                1.0
            ],
            [
                0.0,
                1.0
            ],
            [
                0.0,
                1.0
            ],
            [
                0.0,
                1.0
            ],
            [
                0.0,
                1.0
            ]
        ]
    },
    "best_intervention_set": [
        [
            "C",
            "D"
        ],
        [
            "C",
            "D"
        ],
        [
            "C",
            "D"
        ],
        [
            "C",
            "D"
        ],
        [
            "C",
            "D"
        ],
        [
            "C",
            "D"
        ],
        [
            "C",
            "D"
        ],
        [
            "C",
            "D"
        ],
        [
            "C",
            "D"
        ],
        [
            "C",
            "D"
        ],
        [
            "C",
            "D"
        ]
    ],
    "best_intervention_targets": {
        "0": [
            Infinity,
            Infinity,
            Infinity,
            5.900388189491299,
            5.900388189491299,
            5.82672190472923,
            5.1601732012061055,
            5.158035254666174,
            5.157662516819983,
            5.152867544244746,
            5.152867544244746
        ]
    },
    "cumulative_cost": 312.0,
    "evaluation_budget": 300,
    "exp_bonuses": [],
    "exploration_set": [
        [
            "C",
            "D"
        ]
    ],
    "information_gains": [],
    "intervention_data": [
        [
            [
                "C",
                "D"
            ],
            [
                [
                    0.7472174176384833,
                    0.4095253249397657
                ],
                [
                    0.3854422188115493,
                    0.09823042104858021
                ],
                [
                    0.49641996269618033,
                    0.1992720839861146
                ],
                [
                    0.28305817992299415,
                    0.15289221520917856
                ],
                [
                    0.39449320555681194,
                    0.017537697731111974
                ],
                [
                    0.9618432627846768,
                    0.8444306506375927
                ],
                [
                    0.153914627190728,
                    0.4494394899814135
                ],
                [
                    0.15390105387997594,
                    0.4495013751168547
                ],
                [
                    0.026801243642126802,
                    0.9277538182119147
                ]
            ],
            [
                [
                    5.930507155830532
                ],
                [
                    5.917080153151514
                ],
                [
                    5.917811028607816
                ],
                [
                    5.82672190472923
                ],
                [
                    5.968716583099918
                ],
                [
                    5.782792317398366
                ],
                [
                    5.573970086118384
                ],
                [
                    5.576001527330979
                ],
                [
                    5.212086001727413
                ]
            ]
        ]
    ],
    "interventions": [
        [
            "C",
            "D"
        ],
        [
            "C",
            "D"
        ],
        [
            "C",
            "D"
        ],
        [
            "C",
            "D"
        ],
        [
            "C",
            "D"
        ],
        [
            "C",
            "D"
        ],
        [
            "C",
            "D"
        ],
        [
            "C",
            "D"
        ],
        [
            "C",
            "D"
        ]
    ],
    "iteration": 8,
    "mean_gains": [],
    "num_intervene_decisions": 9,
    "num_observe_decisions": 1,
    "observation_data": {
        "A,B,C,D,E,F": [
            [
                56.097716020799446,
                26.245167120390523,
                0.1675804028183868,
                0.10515689070908296,
                0.4150108107128806,
                -5.8904134399959815
            ]
        ]
    },
    "observation_gains": [],
    "optimal_intervention_mean": 5.152021372120664,
    "remaining_budget": -12.0,
    "start_time": 1681805436.922651,
    "total_time": 122.79930305480957
}