{
    "C": [
        0.0,
        24.0,
        56.0,
        88.0,
        120.0,
        152.0,
        184.0,
        216.0,
        248.0,
        280.0,
        312.0
    ],
    "actions": [
        0,
        1,
        1,
        1,
        1,
        1,
        1,
        1,
        1,
        1
    ],
    "best_intervention_levels": {
        "0": [
            [
                0.0,
                0.0
            ],
            [
                0.0,
                0.0
            ],
            [
                0.0,
                0.0
            ],
            [
                1.0,
                0.0
            ],
            [
                1.0,
                1.0
            ],
            [
                1.0,
                0.0
            ],
            [
                0.0,
                1.0
            ],
            [
                0.0,
                1.0
            ],
            [
                0.0,
                1.0
            ],
            [
                0.0,
                1.0
            ],
            [
                0.0,
                1.0
            ]
        ]
    },
    "best_intervention_set": [
        [
            "C",
            "D"
        ],
        [
            "C",
            "D"
        ],
        [
            "C",
            "D"
        ],
        [
            "C",
            "D"
        ],
        [
            "C",
            "D"
        ],
        [
            "C",
            "D"
        ],
        [
            "C",
            "D"
        ],
        [
            "C",
            "D"
        ],
        [
            "C",
            "D"
        ],
        [
            "C",
            "D"
        ],
        [
            "C",
            "D"
        ]
    ],
    "best_intervention_targets": {
        "0": [
            Infinity,
            Infinity,
            Infinity,
            5.45446662628349,
            5.45446662628349,
            5.45446662628349,
            5.1561409700957075,
            5.1561409700957075,
            5.1561409700957075,
            5.1561409700957075,
            5.1561409700957075
        ]
    },
    "cumulative_cost": 312.0,
    "evaluation_budget": 300,
    "exp_bonuses": [],
    "exploration_set": [
        [
            "C",
            "D"
        ]
    ],
    "information_gains": [],
    "intervention_data": [
        [
            [
                "C",
                "D"
            ],
            [
                [
                    0.4079591009629363,
                    0.8791566777312088
                ],
                [
                    0.09226529099812741,
                    0.20495997824778647
                ],
                [
                    0.6165193029253391,
                    0.5005507504337302
                ],
                [
                    0.4628652315881928,
                    0.6140111959425835
                ],
                [
                    0.33577485832407716,
                    0.9813873481203582
                ],
                [
                    0.33582840092743954,
                    0.9813873542853178
                ],
                [
                    0.3358037692839564,
                    0.9813874851689796
                ],
                [
                    0.3358578644461646,
                    0.9813875658793368
                ],
                [
                    0.33581427248502876,
                    0.9813877746347051
                ]
            ],
            [
                [
                    5.45446662628349
                ],
                [
                    5.691648483562269
                ],
                [
                    5.801042982175313
                ],
                [
                    5.648202560945485
                ],
                [
                    5.352903051418179
                ],
                [
                    5.355175386188841
                ],
                [
                    5.352731852748043
                ],
                [
                    5.352930588544439
                ],
                [
                    5.3521082135477265
                ]
            ]
        ]
    ],
    "interventions": [
        [
            "C",
            "D"
        ],
        [
            "C",
            "D"
        ],
        [
            "C",
            "D"
        ],
        [
            "C",
            "D"
        ],
        [
            "C",
            "D"
        ],
        [
            "C",
            "D"
        ],
        [
            "C",
            "D"
        ],
        [
            "C",
            "D"
        ],
        [
            "C",
            "D"
        ]
    ],
    "iteration": 8,
    "mean_gains": [],
    "num_intervene_decisions": 9,
    "num_observe_decisions": 1,
    "observation_data": {
        "A,B,C,D,E,F": [
            [
                74.57084982182397,
                25.86856333452523,
                0.5580228881697826,
                0.40873377575969255,
                0.21839472636911417,
                -5.439602391592661
            ]
        ]
    },
    "observation_gains": [],
    "optimal_intervention_mean": 5.155950958985301,
    "remaining_budget": -12.0,
    "start_time": 1681805422.493877,
    "total_time": 127.12319469451904
}