{
    "C": [
        0.0,
        6.0,
        38.0,
        70.0,
        102.0,
        134.0,
        166.0,
        198.0,
        230.0,
        262.0,
        294.0,
        326.0
    ],
    "actions": [
        0,
        1,
        1,
        1,
        1,
        1,
        1,
        1,
        1,
        1,
        1
    ],
    "best_intervention_levels": {
        "0": [
            [
                0.0,
                0.0
            ],
            [
                0.0,
                0.0
            ],
            [
                0.0,
                0.0
            ],
            [
                0.0,
                0.0
            ],
            [
                1.0,
                1.0
            ],
            [
                0.7159344088608863,
                0.9537885926859667
            ],
            [
                0.0,
                1.0
            ],
            [
                0.0,
                1.0
            ],
            [
                0.0,
                1.0
            ],
            [
                0.0,
                1.0
            ],
            [
                0.0,
                1.0
            ],
            [
                0.0,
                1.0
            ]
        ]
    },
    "best_intervention_set": [
        [
            "C",
            "D"
        ],
        [
            "C",
            "D"
        ],
        [
            "C",
            "D"
        ],
        [
            "C",
            "D"
        ],
        [
            "C",
            "D"
        ],
        [
            "C",
            "D"
        ],
        [
            "C",
            "D"
        ],
        [
            "C",
            "D"
        ],
        [
            "C",
            "D"
        ],
        [
            "C",
            "D"
        ],
        [
            "C",
            "D"
        ],
        [
            "C",
            "D"
        ]
    ],
    "best_intervention_targets": {
        "0": [
            Infinity,
            Infinity,
            Infinity,
            5.574860802167733,
            5.574860802167733,
            5.574860802167733,
            5.161332593769729,
            5.157661271259964,
            5.153040466544782,
            5.153040466544782,
            5.153040466544782,
            5.153040466544782
        ]
    },
    "cumulative_cost": 326.0,
    "evaluation_budget": 300,
    "exp_bonuses": [],
    "exploration_set": [
        [
            "C",
            "D"
        ]
    ],
    "information_gains": [],
    "intervention_data": [
        [
            [
                "C",
                "D"
            ],
            [
                [
                    0.7394401124642654,
                    0.9830807642294112
                ],
                [
                    0.2614175695740114,
                    0.24454268250619898
                ],
                [
                    0.3064012749676776,
                    0.40594892739676897
                ],
                [
                    0.47119579183960447,
                    0.35913276946024936
                ],
                [
                    0.2705180511680465,
                    0.5569229718220903
                ],
                [
                    0.36374208269856595,
                    0.5687201440570118
                ],
                [
                    0.36369141346441275,
                    0.5686666458049698
                ],
                [
                    0.3846317899201026,
                    0.4946646307991467
                ],
                [
                    0.3635949348100987,
                    0.5686192230494952
                ],
                [
                    0.28183622825782056,
                    0.5331802004369997
                ]
            ],
            [
                [
                    5.574860802167733
                ],
                [
                    5.7607904004460035
                ],
                [
                    5.684425110272995
                ],
                [
                    5.808079674083925
                ],
                [
                    5.573462344805089
                ],
                [
                    5.6204428145456315
                ],
                [
                    5.622253586528175
                ],
                [
                    5.678269725757441
                ],
                [
                    5.62269764992496
                ],
                [
                    5.595032048676498
                ]
            ]
        ]
    ],
    "interventions": [
        [
            "C",
            "D"
        ],
        [
            "C",
            "D"
        ],
        [
            "C",
            "D"
        ],
        [
            "C",
            "D"
        ],
        [
            "C",
            "D"
        ],
        [
            "C",
            "D"
        ],
        [
            "C",
            "D"
        ],
        [
            "C",
            "D"
        ],
        [
            "C",
            "D"
        ],
        [
            "C",
            "D"
        ]
    ],
    "iteration": 9,
    "mean_gains": [],
    "num_intervene_decisions": 10,
    "num_observe_decisions": 1,
    "observation_data": {
        "A,B,C,D,E,F": [
            [
                59.86734471342008,
                25.850780535677966,
                0.22482924823371256,
                0.13668396162887939,
                0.3691581151588834,
                -6.288967445961749
            ]
        ]
    },
    "observation_gains": [],
    "optimal_intervention_mean": 5.156608727134398,
    "remaining_budget": -26.0,
    "start_time": 1681805210.2657988,
    "total_time": 146.9411449432373
}