{
    "C": [
        0.0,
        1.5,
        33.5,
        35.0,
        67.0,
        68.5,
        70.0,
        102.0,
        134.0,
        166.0,
        198.0,
        230.0,
        231.5,
        233.0,
        234.5,
        236.0,
        237.5,
        239.0,
        271.0,
        272.5,
        304.5
    ],
    "actions": [
        0,
        1,
        0,
        1,
        0,
        0,
        1,
        1,
        1,
        1,
        1,
        0,
        0,
        0,
        0,
        0,
        0,
        1,
        0,
        1
    ],
    "best_intervention_levels": {
        "0": [
            [
                0.0,
                0.0
            ],
            [
                0.0,
                0.0
            ],
            [
                0.0,
                0.0
            ],
            [
                0.2817088435948928,
                0.0
            ],
            [
                0.16798902149728506,
                0.0
            ],
            [
                0.3063084338167002,
                0.6504810046957129
            ],
            [
                0.3096195394664306,
                0.6627603738854491
            ],
            [
                0.0,
                1.0
            ],
            [
                0.0,
                1.0
            ],
            [
                0.0,
                1.0
            ],
            [
                0.0,
                1.0
            ],
            [
                0.0,
                1.0
            ],
            [
                0.0,
                1.0
            ],
            [
                0.0,
                1.0
            ],
            [
                0.0,
                1.0
            ],
            [
                0.0,
                1.0
            ],
            [
                0.0,
                1.0
            ],
            [
                0.0,
                1.0
            ],
            [
                0.0,
                1.0
            ],
            [
                0.0,
                1.0
            ],
            [
                0.0,
                1.0
            ]
        ]
    },
    "best_intervention_set": [
        [
            "C",
            "D"
        ],
        [
            "C",
            "D"
        ],
        [
            "C",
            "D"
        ],
        [
            "C",
            "D"
        ],
        [
            "C",
            "D"
        ],
        [
            "C",
            "D"
        ],
        [
            "C",
            "D"
        ],
        [
            "C",
            "D"
        ],
        [
            "C",
            "D"
        ],
        [
            "C",
            "D"
        ],
        [
            "C",
            "D"
        ],
        [
            "C",
            "D"
        ],
        [
            "C",
            "D"
        ],
        [
            "C",
            "D"
        ],
        [
            "C",
            "D"
        ],
        [
            "C",
            "D"
        ],
        [
            "C",
            "D"
        ],
        [
            "C",
            "D"
        ],
        [
            "C",
            "D"
        ],
        [
            "C",
            "D"
        ],
        [
            "C",
            "D"
        ]
    ],
    "best_intervention_targets": {
        "0": [
            Infinity,
            Infinity,
            Infinity,
            5.463729066290653,
            5.463729066290653,
            5.463729066290653,
            5.463729066290653,
            5.421322244852107,
            5.176761527546049,
            5.175230230162313,
            5.175230230162313,
            5.174837232208418,
            5.165658082737835,
            5.165282957589966,
            5.165282957589966,
            5.165282957589966,
            5.165282957589966,
            5.165282957589966,
            5.165282957589966,
            5.165282957589966,
            5.165282957589966
        ]
    },
    "cumulative_cost": 304.5,
    "evaluation_budget": 300,
    "exp_bonuses": [],
    "exploration_set": [
        [
            "C",
            "D"
        ]
    ],
    "information_gains": [],
    "intervention_data": [
        [
            [
                "C",
                "D"
            ],
            [
                [
                    0.493102558360321,
                    0.9429960275218869
                ],
                [
                    0.5015994563995376,
                    0.09594876904762178
                ],
                [
                    0.5918534720990822,
                    0.8472494210261151
                ],
                [
                    0.6088873257154694,
                    0.9307022877855478
                ],
                [
                    0.6094630072954813,
                    0.9882351888121301
                ],
                [
                    0.6094570458779542,
                    0.9882351308998935
                ],
                [
                    0.6067319571057579,
                    0.8458705491682655
                ],
                [
                    0.608858056071916,
                    0.9307183581159383
                ],
                [
                    0.6088642336254216,
                    0.9307253471496713
                ]
            ],
            [
                [
                    5.463729066290653
                ],
                [
                    5.981273884289174
                ],
                [
                    5.572377630358043
                ],
                [
                    5.533066848524556
                ],
                [
                    5.501185837225486
                ],
                [
                    5.499002349192838
                ],
                [
                    5.585128424300202
                ],
                [
                    5.531674159338379
                ],
                [
                    5.534133446123451
                ]
            ]
        ]
    ],
    "interventions": [
        [
            "C",
            "D"
        ],
        [
            "C",
            "D"
        ],
        [
            "C",
            "D"
        ],
        [
            "C",
            "D"
        ],
        [
            "C",
            "D"
        ],
        [
            "C",
            "D"
        ],
        [
            "C",
            "D"
        ],
        [
            "C",
            "D"
        ],
        [
            "C",
            "D"
        ]
    ],
    "iteration": 18,
    "mean_gains": [],
    "num_intervene_decisions": 9,
    "num_observe_decisions": 11,