{
    "C": [
        0.0,
        24.0,
        56.0,
        80.0,
        112.0,
        144.0,
        176.0,
        200.0,
        224.0,
        248.0,
        280.0,
        304.0
    ],
    "actions": [
        0,
        1,
        0,
        1,
        1,
        1,
        0,
        0,
        0,
        1,
        0
    ],
    "best_intervention_levels": {
        "0": [
            [
                0.0,
                0.0
            ],
            [
                0.0,
                0.0
            ],
            [
                0.0,
                0.0
            ],
            [
                1.0,
                1.0
            ],
            [
                1.0,
                0.0
            ],
            [
                0.0,
                1.0
            ],
            [
                0.0,
                1.0
            ],
            [
                0.0,
                1.0
            ],
            [
                0.0,
                1.0
            ],
            [
                0.0,
                1.0
            ],
            [
                0.0,
                1.0
            ],
            [
                0.0,
                1.0
            ]
        ]
    },
    "best_intervention_set": [
        [
            "C",
            "D"
        ],
        [
            "C",
            "D"
        ],
        [
            "C",
            "D"
        ],
        [
            "C",
            "D"
        ],
        [
            "C",
            "D"
        ],
        [
            "C",
            "D"
        ],
        [
            "C",
            "D"
        ],
        [
            "C",
            "D"
        ],
        [
            "C",
            "D"
        ],
        [
            "C",
            "D"
        ],
        [
            "C",
            "D"
        ],
        [
            "C",
            "D"
        ]
    ],
    "best_intervention_targets": {
        "0": [
            Infinity,
            Infinity,
            Infinity,
            5.686624731521358,
            5.451470260106123,
            5.287015908421537,
            5.16908600751367,
            5.156486335879571,
            5.156486335879571,
            5.156486335879571,
            5.156486335879571,
            5.155793751822296
        ]
    },
    "cumulative_cost": 304.0,
    "evaluation_budget": 300,
    "exp_bonuses": [],
    "exploration_set": [
        [
            "C",
            "D"
        ]
    ],
    "information_gains": [],
    "intervention_data": [
        [
            [
                "C",
                "D"
            ],
            [
                [
                    0.34025383596759795,
                    0.43664387787272163
                ],
                [
                    0.2918565406031212,
                    0.7826218227378788
                ],
                [
                    0.2812777196713624,
                    0.7142897201835018
                ],
                [
                    0.10280422669260021,
                    0.7487103539089138
                ],
                [
                    0.18593981601815102,
                    0.815763276037917
                ]
            ],
            [
                [
                    5.686624731521358
                ],
                [
                    5.451470260106123
                ],
                [
                    5.487617174541271
                ],
                [
                    5.362380661323616
                ],
                [
                    5.371580685362131
                ]
            ]
        ]
    ],
    "interventions": [
        [
            "C",
            "D"
        ],
        [
            "C",
            "D"
        ],
        [
            "C",
            "D"
        ],
        [
            "C",
            "D"
        ],
        [
            "C",
            "D"
        ]
    ],
    "iteration": 9,
    "mean_gains": [],
    "num_intervene_decisions": 5,
    "num_observe_decisions": 6,
    "observation_data": {
        "A,B,C,D,E,F": [
            [
                66.33525696654007,
                27.444519911871147,
                0.36745774180500324,
                0.29368152098396244,
                0.30012225631664186,
                -5.3539046202098675
            ],
            [
                59.09023317300041,
                27.06918253465877,
                0.21773732056026504,
                0.1574745282158418,
                0.38089195142912974,
                -5.392011052573919
            ],
            [
                63.40647962703692,
                25.944442268527503,
                0.29296670938127717,
                0.1868721617721634,
                0.32904774647496987,
                -5.510091353428648
            ],
            [
                62.15814329534881,
                27.125183751913877,
                0.27479477091806215,
                0.20437865988838427,
                0.34539697438075534,
                -5.711056248472531
            ],
            [
                71.55447495696055,
                26.875174759039083,
                0.49042685465013347,
                0.38473043881741026,
                0.24702310275263892,
                -6.237579551991487
            ],
            [
                58.15757732519984,
                25.60719869692991,
                0.19528528929154418,
                0.11276513505537289,
                0.388787497253711,
                -5.774469287255981
            ]
        ]
    },
    "observation_gains": [],
    "optimal_intervention_mean": 5.156332739272252,
    "remaining_budget": -4.0,
    "start_time": 1681806410.5332556,
    "total_time": 141.33425545692444
}