{
    "C": [
        0.0,
        24.0,
        56.0,
        88.0,
        112.0,
        144.0,
        168.0,
        192.0,
        224.0,
        248.0,
        272.0,
        304.0
    ],
    "actions": [
        0,
        1,
        1,
        0,
        1,
        0,
        0,
        1,
        0,
        0,
        1
    ],
    "best_intervention_levels": {
        "0": [
            [
                0.0,
                0.0
            ],
            [
                0.0,
                0.0
            ],
            [
                0.0,
                0.0
            ],
            [
                0.0,
                0.0
            ],
            [
                1.0,
                1.0
            ],
            [
                1.0,
                1.0
            ],
            [
                1.0,
                1.0
            ],
            [
                1.0,
                1.0
            ],
            [
                0.0,
                1.0
            ],
            [
                0.0,
                1.0
            ],
            [
                0.0,
                1.0
            ],
            [
                0.0,
                1.0
            ]
        ]
    },
    "best_intervention_set": [
        [
            "C",
            "D"
        ],
        [
            "C",
            "D"
        ],
        [
            "C",
            "D"
        ],
        [
            "C",
            "D"
        ],
        [
            "C",
            "D"
        ],
        [
            "C",
            "D"
        ],
        [
            "C",
            "D"
        ],
        [
            "C",
            "D"
        ],
        [
            "C",
            "D"
        ],
        [
            "C",
            "D"
        ],
        [
            "C",
            "D"
        ],
        [
            "C",
            "D"
        ]
    ],
    "best_intervention_targets": {
        "0": [
            Infinity,
            Infinity,
            Infinity,
            5.633262284074235,
            5.633262284074235,
            5.6227178519806875,
            5.6227178519806875,
            5.6227178519806875,
            5.6227178519806875,
            5.155301533977635,
            5.155301533977635,
            5.155301533977635
        ]
    },
    "cumulative_cost": 304.0,
    "evaluation_budget": 300,
    "exp_bonuses": [],
    "exploration_set": [
        [
            "C",
            "D"
        ]
    ],
    "information_gains": [],
    "intervention_data": [
        [
            [
                "C",
                "D"
            ],
            [
                [
                    0.3928624466770898,
                    0.3877245758805685
                ],
                [
                    0.7768430689183871,
                    0.9215582825624035
                ],
                [
                    0.8373717333680699,
                    0.9954927071481044
                ],
                [
                    0.6871845919014317,
                    0.759723822945115
                ],
                [
                    0.6681428801704691,
                    0.7015372122848205
                ]
            ],
            [
                [
                    5.744900945259822
                ],
                [
                    5.633262284074235
                ],
                [
                    5.6227178519806875
                ],
                [
                    5.68279231315481
                ],
                [
                    5.70734483198531
                ]
            ]
        ]
    ],
    "interventions": [
        [
            "C",
            "D"
        ],
        [
            "C",
            "D"
        ],
        [
            "C",
            "D"
        ],
        [
            "C",
            "D"
        ],
        [
            "C",
            "D"
        ]
    ],
    "iteration": 9,
    "mean_gains": [],
    "num_intervene_decisions": 5,
    "num_observe_decisions": 6,
    "observation_data": {
        "A,B,C,D,E,F": [
            [
                57.08355963166162,
                25.946619315169386,
                0.18045831450010766,
                0.10887151703172233,
                0.4024042160521914,
                -5.982896324748797
            ],
            [
                64.28370901934494,
                26.568030315860817,
                0.31548742569670707,
                0.22131440347750755,
                0.3205929951149664,
                -5.810311489667425
            ],
            [
                60.779836461718624,
                25.819249954170342,
                0.24095719748178157,
                0.1470201386502042,
                0.358504493519029,
                -5.568030845911055
            ],
            [
                66.67973549817515,
                26.152018003336828,
                0.36645253681547624,
                0.2494359447978375,
                0.2941910964399602,
                -6.221607604670607
            ],
            [
                58.97612910690925,
                26.41508426080632,
                0.2124977945600458,
                0.13950945666903583,
                0.38083961002671607,
                -6.279561959005978
            ],
            [
                64.2624287808754,
                25.94447431811605,
                0.31100545695501414,
                0.20022923490010885,
                0.3196315081110878,
                -5.412805100365949
            ]
        ]
    },
    "observation_gains": [],
    "optimal_intervention_mean": 5.154436779386066,
    "remaining_budget": -4.0,
    "start_time": 1681806421.1434011,
    "total_time": 140.69090819358826
}