{
    "C": [
        0.0,
        6.0,
        38.0,
        70.0,
        76.0,
        108.0,
        140.0,
        146.0,
        152.0,
        184.0,
        216.0,
        222.0,
        254.0,
        286.0,
        318.0
    ],
    "actions": [
        0,
        1,
        1,
        0,
        1,
        1,
        0,
        0,
        1,
        1,
        0,
        1,
        1,
        1
    ],
    "best_intervention_levels": {
        "0": [
            [
                0.0,
                0.0
            ],
            [
                0.0,
                0.0
            ],
            [
                0.0,
                0.0
            ],
            [
                0.03317415757796105,
                0.07085030455212038
            ],
            [
                0.10237547848767066,
                1.0
            ],
            [
                0.10237547848767066,
                1.0
            ],
            [
                0.10237547848767066,
                1.0
            ],
            [
                0.0,
                1.0
            ],
            [
                0.0,
                1.0
            ],
            [
                0.0,
                1.0
            ],
            [
                0.0,
                1.0
            ],
            [
                0.0,
                1.0
            ],
            [
                0.0,
                1.0
            ],
            [
                0.0,
                1.0
            ],
            [
                0.0,
                1.0
            ]
        ]
    },
    "best_intervention_set": [
        [
            "C",
            "D"
        ],
        [
            "C",
            "D"
        ],
        [
            "C",
            "D"
        ],
        [
            "C",
            "D"
        ],
        [
            "C",
            "D"
        ],
        [
            "C",
            "D"
        ],
        [
            "C",
            "D"
        ],
        [
            "C",
            "D"
        ],
        [
            "C",
            "D"
        ],
        [
            "C",
            "D"
        ],
        [
            "C",
            "D"
        ],
        [
            "C",
            "D"
        ],
        [
            "C",
            "D"
        ],
        [
            "C",
            "D"
        ],
        [
            "C",
            "D"
        ]
    ],
    "best_intervention_targets": {
        "0": [
            Infinity,
            Infinity,
            Infinity,
            5.396830655567136,
            5.2556701785109565,
            5.2556701785109565,
            5.2556701785109565,
            5.1616837102034765,
            5.1616837102034765,
            5.1616837102034765,
            5.1616837102034765,
            5.1616837102034765,
            5.1616837102034765,
            5.1616837102034765,
            5.159614945992557
        ]
    },
    "cumulative_cost": 318.0,
    "evaluation_budget": 300,
    "exp_bonuses": [],
    "exploration_set": [
        [
            "C",
            "D"
        ]
    ],
    "information_gains": [],
    "intervention_data": [
        [
            [
                "C",
                "D"
            ],
            [
                [
                    0.1719063872833021,
                    0.7571007145211727
                ],
                [
                    0.17753363345168893,
                    0.2612071763932024
                ],
                [
                    0.11584021500955902,
                    0.23978587387230013
                ],
                [
                    0.1658879154799461,
                    0.3598057948628237
                ],
                [
                    0.18415324275981546,
                    0.813874546071571
                ],
                [
                    0.18416151917362994,
                    0.8138823449154703
                ],
                [
                    0.1595105956320108,
                    0.8297747044883708
                ],
                [
                    0.2281501356037832,
                    0.7459437449545789
                ],
                [
                    0.159489492937627,
                    0.8297795744680349
                ]
            ],
            [
                [
                    5.396830655567136
                ],
                [
                    5.702013260389273
                ],
                [
                    5.6836846083058905
                ],
                [
                    5.637418945140442
                ],
                [
                    5.368498130627259
                ],
                [
                    5.373728521604362
                ],
                [
                    5.346524069915573
                ],
                [
                    5.438176627978061
                ],
                [
                    5.346721886651884
                ]
            ]
        ]
    ],
    "interventions": [
        [
            "C",
            "D"
        ],
        [
            "C",
            "D"
        ],
        [
            "C",
            "D"
        ],
        [
            "C",
            "D"
        ],
        [
            "C",
            "D"
        ],
        [
            "C",
            "D"
        ],
        [
            "C",
            "D"
        ],
        [
            "C",
            "D"
        ],
        [
            "C",
            "D"
        ]
    ],
    "iteration": 12,
    "mean_gains": [],
    "num_intervene_decisions": 9,
    "num_observe_decisions": 5,
    "observation_data": {
        "A,B,C,D,E,F": [
            [
                64.2417261921899,
                27.527764872775347,
                0.320822513499105,
                0.25535090319867837,
                0.3228715885190272,
                -5.876782483798171
            ],
            [
                62.232865778008176,
                26.53078303670487,
                0.27273507218481324,
                0.18685799560543376,
                0.343360312661262,
                -5.00019720919868
            ],
            [
                63.37536364617496,
                27.008337876011655,
                0.2989687318148106,
                0.22083688533270998,
                0.33147112128625456,
                -6.068334730155604
            ],
            [
                74.83055611513106,
                25.08343620699184,
                0.5586188715954058,
                0.3774802401809941,
                0.21507180791799585,
                -7.182853022519433
            ],
            [
                59.71547246027067,
                27.026051929400037,
                0.22834653644180894,
                0.16475819327752633,
                0.37342846241086575,
                -5.890908160715575
            ]
        ]
    },
    "observation_gains": [],
    "optimal_intervention_mean": 5.153029270755197,
    "remaining_budget": -18.0,
    "start_time": 1681806148.6079025,
    "total_time": 191.4267065525055
}