{
    "C": [
        0.0,
        3.0,
        19.0,
        35.0,
        38.0,
        41.0,
        44.0,
        47.0,
        50.0,
        53.0,
        69.0,
        72.0,
        75.0,
        91.0,
        107.0,
        110.0,
        113.0,
        116.0,
        119.0,
        122.0,
        138.0,
        141.0,
        157.0,
        173.0,
        189.0,
        205.0,
        221.0,
        237.0,
        253.0,
        269.0,
        285.0,
        288.0,
        291.0,
        294.0,
        297.0,
        300.0
    ],
    "actions": [
        0,
        1,
        1,
        0,
        0,
        0,
        0,
        0,
        0,
        1,
        0,
        0,
        1,
        1,
        0,
        0,
        0,
        0,
        0,
        1,
        0,
        1,
        1,
        1,
        1,
        1,
        1,
        1,
        1,
        1,
        0,
        0,
        0,
        0,
        0
    ],
    "best_intervention_levels": {
        "0": [
            [
                0.0
            ],
            [
                0.0
            ],
            [
                0.0
            ],
            [
                0.0
            ],
            [
                -5.0
            ],
            [
                -5.0
            ],
            [
                -4.441008960564216
            ],
            [
                -4.176479346918076
            ],
            [
                -5.0
            ],
            [
                -5.0
            ],
            [
                5.0
            ],
            [
                5.0
            ],
            [
                2.7240241751881014
            ],
            [
                5.0
            ],
            [
                5.0
            ],
            [
                5.0
            ],
            [
                5.0
            ],
            [
                5.0
            ],
            [
                5.0
            ],
            [
                5.0
            ],
            [
                4.354393580389246
            ],
            [
                4.35439333236686
            ],
            [
                5.0
            ],
            [
                5.0
            ],
            [
                5.0
            ],
            [
                5.0
            ],
            [
                5.0
            ],
            [
                5.0
            ],
            [
                5.0
            ],
            [
                5.0
            ],
            [
                5.0
            ],
            [
                5.0
            ],
            [
                4.651728021652989
            ],
            [
                5.0
            ],
            [
                5.0
            ],
            [
                5.0
            ]
        ],
        "1": [
            [
                0.0
            ],
            [
                0.0
            ],
            [
                0.0
            ],
            [
                -5.0
            ],
            [
                -3.9346023485045576
            ],
            [
                2.6819949473016087
            ],
            [
                2.6819949473016087
            ],
            [
                2.6819949473016087
            ],
            [
                2.6819949473016087
            ],
            [
                2.6819949473016087
            ],
            [
                2.6819949473016087
            ],
            [
                2.6819949473016087
            ],
            [
                2.6819949473016087
            ],
            [
                2.6819949473016087
            ],
            [
                0.20685892444911516
            ],
            [
                3.136486417759965
            ],
            [
                3.136486417759965
            ],
            [
                3.136486417759965
            ],
            [
                3.136486417759965
            ],
            [
                3.136486417759965
            ],
            [
                3.091098104115521
            ],
            [
                3.091098104115521
            ],
            [
                3.091098104115521
            ],
            [
                3.091098104115521
            ],
            [
                3.091098104115521
            ],
            [
                3.091098104115521
            ],
            [
                3.091098104115521
            ],
            [
                3.091098104115521
            ],
            [
                3.102567424753613
            ],
            [
                3.102567424753613
            ],
            [
                3.102567424753613
            ],
            [
                3.102567424753613
            ],
            [
                3.102567424753613
            ],
            [
                3.1009933650426036
            ],
            [
                3.1009933650426036
            ],
            [
                3.1009933650426036
            ]
        ]
    },
    "best_intervention_set": [
        [
            "X"
        ],
        [
            "X"
        ],
        [
            "X"
        ],
        [
            "Z"
        ],
        [
            "Z"
        ],
        [
            "Z"
        ],
        [
            "Z"
        ],
        [
            "Z"
        ],
        [
            "Z"
        ],
        [
            "Z"
        ],
        [
            "Z"
        ],
        [
            "Z"
        ],
        [
            "Z"
        ],
        [
            "Z"
        ],
        [
            "Z"
        ],
        [
            "Z"
        ],
        [
            "Z"
        ],
        [
            "Z"
        ],
        [
            "Z"
        ],
        [
            "Z"
        ],
        [
            "Z"
        ],
        [
            "Z"
        ],
        [
            "Z"
        ],
        [
            "Z"
        ],
        [
            "Z"
        ],
        [
            "Z"
        ],
        [
            "Z"
        ],
        [
            "Z"
        ],
        [
            "Z"
        ],
        [
            "Z"
        ],
        [
            "Z"
        ],
        [
            "Z"
        ],
        [
            "Z"
        ],
        [
            "Z"
        ],
        [
            "Z"
        ],
        [
            "Z"
        ]
    ],
    "best_intervention_targets": {
        "0": [
            Infinity,
            Infinity,
            Infinity,
            Infinity,
            -0.7777780696387857,
            -0.7777780696387857,
            -0.7777780696387857,
            -0.7777780696387857,
            -0.7777780696387857,
            -0.7777780696387857,
            -0.7777780696387857,
            -0.7777780696387857,
            -0.7777780696387857,
            -0.7777780696387857,
            -0.7777780696387857,
            -0.7777780696387857,
            -0.7777780696387857,
            -0.7777780696387857,
            -0.7777780696387857,
            -0.7777780696387857,
            -0.7777780696387857,
            -0.7777780696387857,
            -0.7777780696387857,
            -0.7777780696387857,
            -0.7777780696387857,
            -0.7777780696387857,
            -0.7777780696387857,
            -0.7777780696387857,
            -0.7777780696387857,
            -0.7777780696387857,
            -0.7777780696387857,
            -0.7777780696387857,
            -0.7777780696387857,
            -0.7777780696387857,
            -0.7777780696387857,
            -0.7777780696387857
        ],